created_utc,date,body,negative,neutral,positive,compound,score
1452330235,2016-01-09,"I deposited 18 keys and got around 38k coins. I withdrew when I hit 180k coins. In total I spent probably 2 hours on the site, with 30 minutes of that messing with the damn withdraw bots. Got a factory new ups-s kill confirmed, a factory new ssg blood in the water, and factory new m4a1-s Icarus fell.",0.131,0.869,0.0,-0.8126,1
1453863339,2016-01-27,"76561198119427057 Random: I watch hentai for the plot. Something: I'm atsu and I like dogs. Profit: I used a ref code for 500 points, turn that to 10,000, and I just checked out to get my first stattrak rifle (m4a1-s basilisk ft) HYPE. :D",0.0,0.792,0.208,0.8567,1
1455932202,2016-02-20,"Anyone have any clue? I noticed everyone is depositing their m4a1-s hot rods, poseidons, etc. I also have had most of my stuff deposited..",0.0,1.0,0.0,0.0,1
1458664034,2016-03-22,"One time it was keys, those weren't available. Another it was an M4A1-S Nitro MW, another a Glock Brass FN, and the last it was 10 cologne challenger/legends foil capsules... I only have 13k points so i couldn't get that much, but still, the system is fucking BS.",0.0,1.0,0.0,0.0,1
1459560698,2016-04-02,Shoot man I deposited a m4 golden coil... any news on the site yet?,0.179,0.821,0.0,-0.34,1
1460645580,2016-04-14,"ST M4A1-S / Hyper Beast (Factory New) 299250 13.04.2016 Sure, no problem! Anything else? :D",0.228,0.465,0.308,0.4069,1
1460729555,2016-04-15,&gt; ST M4A1-S / Hyper Beast (Factory New) 299250 13.04.2016 Have fun! :),0.0,0.603,0.397,0.7644,3
1461057786,2016-04-19,[StatTrak] M4A1-S / Hyper Beast (Factory New) 299250 13.04.2016 Carefull. This data is a few days old,0.0,1.0,0.0,0.0,1
1461230356,2016-04-21,ST M4A1-S / Hyper Beast (Field-Tested) 44520 credits 20.04.2016,0.0,0.737,0.263,0.3612,1
1461273189,2016-04-21,"for example, x2prices.com/api/?search=M4A1-S which will then output JSON of results, ie, all of the M4A1S skins.",0.0,1.0,0.0,0.0,1
1461853886,2016-04-28,"That can't be correct. The price for a ""Hyper beast m4a1-s stattrak"" is 323 dollar on steam analyst. And you give 299 dollars for it. So, that can't be correct at all.",0.0,1.0,0.0,0.0,1
1465159068,2016-06-05,welcome to daily st m4a1-s hyper beast fn price post guys &lt;3 around 247.000,0.0,0.812,0.188,0.4588,1
1465750108,2016-06-12,http://exyjero.me/doubleprices/#M4A1-S|MasterPiece(Field-Tested),0.0,1.0,0.0,0.0,1
1466184923,2016-06-17,StatTrak M4A1-S | Hyper Beast (Factory New) should be around 310k,0.0,1.0,0.0,0.0,1
1466444630,2016-06-20,"***** ### Hi, I am a bot! [Please report inaccuracies here](http://reddit.com/r/rotosbot) | Version 0.65 | /u/revengeoftheopposite ***** ## Price for M4A1-S | Hot Rod (Minimal Wear) CSGODouble|Estimated :---|---: 109030 @ 2016-06-01 15:59:08|100320",0.0,1.0,0.0,0.0,4
